perlin_value,selected_tile,x,y,collaped,possible_tiles
0.2658467000074527,25,0,0,True,3
0.247719499707116,24,1,0,True,2
0.2371767478757058,28,2,0,True,2
0.23493142081547572,23,3,0,True,2
0.24100878770316883,29,4,0,True,1
0.2547577495030311,1,5,0,True,2
0.27493117583736004,1,6,0,True,2
0.2998140555239164,1,7,0,True,2
0.3273585546510144,28,8,0,True,2
0.35531858638226155,29,9,0,True,1
0.3813792663450951,8,10,0,True,2
0.4032774317125325,7,11,0,True,1
0.4189102063429259,24,12,0,True,2
0.42642939859778567,22,13,0,True,2
0.42432032271307646,27,14,0,True,2
0.41146443885471695,30,15,0,True,2
0.3871860112443129,22,16,0,True,2
0.3512837879964876,27,17,0,True,2
0.3040495105644803,7,18,0,True,1
0.24627586494603393,26,19,0,True,1
0.1792572910568448,25,20,0,True,3
0.1047878213602207,-1,21,0,False,0
0.02513735200565193,20,22,0,True,3
-0.05706654324573786,0,23,0,True,1
-0.13899607145541068,0,24,0,True,1
-0.2177874328820183,0,25,0,True,1
-0.2902830664665691,0,26,0,True,1
-0.35308640067338837,0,27,0,True,1
-0.40299840389712716,0,28,0,True,1
-0.43737014631583754,0,29,0,True,1
-0.45435347913938073,0,30,0,True,1
-0.4530378176260738,0,31,0,True,1
-0.43349858453483997,0,32,0,True,1
-0.39678925109817387,0,33,0,True,1
-0.34487631129999136,0,34,0,True,1
-0.2805260395248903,0,35,0,True,1
-0.20715244246310716,0,36,0,True,1
-0.12863543128247576,0,37,0,True,1
-0.04911797584410219,0,38,0,True,1
0.027209140857825678,13,39,0,True,3
0.3233517193479701,7,0,1,True,3
0.3065736564276304,24,1,1,True,2
0.297075665682873,8,2,1,True,2
0.29554037878197387,7,3,1,True,1
0.3019697431737814,26,4,1,True,1
0.31572001767864405,29,5,1,True,1
0.33557752558572784,28,6,1,True,2
0.3598546835550492,23,7,1,True,2
0.3865149204796822,25,8,1,True,2
0.4133176671581034,26,9,1,True,1
0.43795736042932115,29,10,1,True,1
0.4581907628860174,8,11,1,True,2
0.4719495805301227,30,12,1,True,2
0.4774361649908931,8,13,1,True,2
0.4732008911808926,30,14,1,True,2
0.4582006055206088,1,15,1,True,2
0.4318383441177352,8,16,1,True,2
0.3939853245424826,30,17,1,True,2
0.34498701909559126,8,18,1,True,2
0.2856559217210603,7,19,1,True,1
0.21725442497087794,27,20,1,True,1
0.14147202768442943,-1,21,1,False,0
0.060401897897185225,21,22,1,True,2
-0.02348990120702211,0,23,1,True,1
-0.10749712886692031,0,24,1,True,1
-0.18872638073252507,0,25,1,True,1
-0.2638175144810055,0,26,1,True,1
-0.3292282851169883,0,27,1,True,1
-0.3816868135436043,0,28,1,True,1
-0.4185174851000277,0,29,1,True,1
-0.43786013453847683,0,30,1,True,1
-0.43880328055931894,0,31,1,True,1
-0.42143860547138234,0,32,1,True,1
-0.3868477063263406,0,33,1,True,1
-0.3370316579669743,0,34,1,True,1
-0.2747932871997675,0,35,1,True,1
-0.20358153671133952,0,36,1,True,1
-0.12730689739544465,0,37,1,True,1
-0.050136608442894436,0,38,1,True,1
0.02372183412932851,13,39,1,True,2
0.37099357553200574,25,0,2,True,1
0.35626405201947825,26,1,2,True,2
0.34853698570608604,29,2,2,True,2
0.34842776667118613,8,3,2,True,2
0.3559029070978728,6,4,2,True,2
0.3702899242832564,30,5,2,True,2
0.3903570913050056,22,6,2,True,2
0.4144212127674395,27,7,2,True,1
0.44047274932095476,6,8,2,True,2
0.4663084138472067,6,9,2,True,2
0.4896621461658274,30,10,2,True,2
0.5083343717331267,1,11,2,True,1
0.5203099314609855,1,12,2,True,1
0.5238566632153426,1,13,2,True,1
0.5176029680838308,1,14,2,True,1
0.5005937565432828,1,15,2,True,1
0.4723249739131465,1,16,2,True,2
0.4327577087361697,1,17,2,True,2
0.38231369198302434,1,18,2,True,2
0.3218547992328909,8,19,2,True,2
0.25264997223727964,30,20,2,True,1
0.1763337805297762,-1,21,2,False,0
0.09486164799961956,14,22,2,True,2
0.010467573602400639,20,23,2,True,1
-0.07436476283142711,0,24,2,True,1
-0.15672723682740358,0,25,2,True,1
-0.23313922027129533,0,26,2,True,1
-0.29998034785522754,0,27,2,True,1
-0.35392791247724986,0,28,2,True,1
-0.39227794631142826,0,29,2,True,1
-0.4131633932897145,0,30,2,True,1
-0.41568199568507075,0,31,2,True,1
-0.3999456536907471,0,32,2,True,1
-0.3670623038937554,0,33,2,True,1
-0.31906080034171375,0,34,2,True,1
-0.25876887050115815,0,35,2,True,1
-0.18965395780229705,0,36,2,True,1
-0.11563665265982326,0,37,2,True,1
-0.0408862426976098,0,38,2,True,1
0.03039504552831838,5,39,2,True,2
0.4076305404917218,6,0,3,True,2
0.3955938898212962,6,1,3,True,2
0.39037200397450217,30,2,3,True,2
0.39242604875660403,28,3,3,True,1
0.4016767908575015,23,4,3,True,2
0.4174164600168338,29,5,3,True,2
0.4383882240045698,8,6,3,True,2
0.4628962291876219,30,7,3,True,2
0.4889327530376766,1,8,3,True,2
0.514312973146103,1,9,3,True,1
0.5368091952231375,1,10,3,True,1
0.5542776903102238,1,11,3,True,1
0.5647725690265963,1,12,3,True,1
0.5666423680910341,1,13,3,True,1
0.5586062341088648,1,14,3,True,1
0.53980780285509,1,15,3,True,1
0.5098460449099833,1,16,3,True,1
0.4687832893908845,1,17,3,True,2
0.4171320112076374,28,18,3,True,2
0.35582298807204354,23,19,3,True,2
0.2861582602855831,23,20,3,True,2
0.20975340858527772,29,21,3,True,3
0.12847335063361326,-1,22,3,False,0
0.04436639283407422,21,23,3,True,2
-0.040335731009877134,0,24,3,True,1
-0.12278578451110403,0,25,3,True,1
-0.19944869959356212,0,26,3,True,1
-0.26666465219153446,0,27,3,True,1
-0.321090256131836,0,28,3,True,1
-0.36001671741153485,0,29,3,True,1
-0.3815850398272166,0,30,3,True,1
-0.3849109093638089,0,31,3,True,1
-0.3701309975059725,0,32,3,True,1
-0.3383816871807471,0,33,3,True,1
-0.29172063938382836,0,34,3,True,1
-0.23300118368332454,0,35,3,True,1
-0.16570923173427574,0,36,3,True,1
-0.09377227967441612,0,37,3,True,1
-0.021350082806823534,0,38,3,True,1
0.04738324569186941,19,39,3,True,1
0.4324753737917229,28,0,4,True,1
0.4237074077206183,23,1,4,True,2
0.421691396037935,29,2,4,True,2
0.42664150346438706,22,3,4,True,2
0.4384023735928824,27,4,4,True,1
0.45622504381060697,30,5,4,True,2
0.47882201659962537,1,6,4,True,2
0.5044790517707151,1,7,4,True,1
0.5311840283926039,1,8,4,True,1
0.5567631980919313,1,9,4,True,1
0.579016497688256,1,10,4,True,1
0.5958449052577662,1,11,4,True,1
0.6053641096892265,1,12,4,True,1
0.6060000196058759,1,13,4,True,1
0.5965628631776985,1,14,4,True,1
0.57629782583956,1,15,4,True,1
0.5449113382622304,1,16,4,True,1
0.5025732620952409,1,17,4,True,1
0.449896326012903,8,18,4,True,2
0.38789498173512044,7,19,4,True,1
0.3179200508597247,27,20,4,True,1
0.24158053605734914,30,21,4,True,1
0.16067897679232887,-1,22,4,False,0
0.07714596090826915,20,23,4,True,1
-0.0069167304965676996,0,24,4,True,1
-0.08873803914994197,0,25,4,True,1
-0.1648390910982349,0,26,4,True,1
-0.231568241699754,0,27,4,True,1
-0.28559758071877606,0,28,4,True,1
-0.32423927628349525,0,29,4,True,1
-0.34565969131331326,0,30,4,True,1
-0.3490030713160394,0,31,4,True,1
-0.33443653654341166,0,32,4,True,1
-0.30312735677960984,0,33,4,True,1
-0.2571628779236442,0,34,4,True,1
-0.19942301121054787,0,35,4,True,1
-0.13341488839828022,0,36,4,True,1
-0.06307912952700062,0,37,4,True,1
0.007422836064907368,19,38,4,True,1
0.07393080990810394,16,39,4,True,1
0.44512302908906237,22,0,5,True,2
0.4401373315925026,27,1,5,True,1
0.4419563535382485,30,2,5,True,2
0.45050492861839686,8,3,5,True,2
0.4654874111189462,30,4,5,True,2
0.48610780084764466,1,5,5,True,2
0.5110431285740824,1,6,5,True,1
0.5385556259666031,1,7,5,True,1
0.5666229002760415,1,8,5,True,1
0.5930754703612501,1,9,5,True,1
0.6157331541567922,1,10,5,True,1
0.6325331221901772,1,11,5,True,1
0.6416437261035436,1,12,5,True,1
0.6415594753225485,1,13,5,True,1
0.6311737690435723,1,14,5,True,1
0.6098271945790956,1,15,5,True,1
0.5773303768102743,1,16,5,True,1
0.5339612745864916,1,17,5,True,1
0.4804276432716381,1,18,5,True,2
0.41780026005629567,22,19,5,True,2
0.3474617555700142,26,20,5,True,2
0.271045924197768,29,21,5,True,2
0.19036171219348572,8,22,5,True,2
0.10731042378527608,-1,23,5,False,0
0.023981601857974478,20,24,5,True,1
-0.05686465038972258,0,25,5,True,1
-0.13189300884434543,0,26,5,True,1
-0.19752859874269427,0,27,5,True,1
-0.25048435025185345,0,28,5,True,1
-0.28812425236964734,0,29,5,True,1
-0.30866159949775895,0,30,5,True,1
-0.3112830904214434,0,31,5,True,1
-0.29619424352090945,0,32,5,True,1
-0.26459690082889187,0,33,5,True,1
-0.2186091579591543,0,34,5,True,1
-0.16113757515722513,0,35,5,True,1
-0.09571119374924726,0,36,5,True,1
-0.026286702087065576,0,37,5,True,1
0.04296593429198956,5,38,5,True,2
0.10788794215407581,-1,39,5,False,0
0.4455689456216287,22,0,6,True,2
0.4448215641665767,24,1,6,True,2
0.4510212918934164,28,2,6,True,1
0.46380886241490854,23,3,6,True,2
0.48267482993051447,29,4,6,True,2
0.5067626985369058,1,5,6,True,1
0.5347102076323028,1,6,6,True,1
0.5647518592676546,1,7,6,True,1
0.5948499291001441,1,8,6,True,1
0.6228330073573882,1,9,6,True,1
0.6465333786977004,1,10,6,True,1
0.6639158827364491,1,11,6,True,1
0.6731921997337301,1,12,6,True,1
0.6729157785040792,1,13,6,True,1
0.6620538660149723,1,14,6,True,1
0.6400343070884549,1,15,6,True,1
0.6067601093970467,1,16,6,True,1
0.562571276932132,1,17,6,True,1
0.5082143004970937,1,18,6,True,1
0.44481657315850254,8,19,6,True,2
0.3738351577703846,7,20,6,True,2
0.29698288541713436,24,21,6,True,2
0.21613769126710716,28,22,6,True,2
0.1332458921615198,-1,23,6,False,0
0.05046571715032663,21,24,6,True,2
-0.029400533790231394,0,25,6,True,1
-0.10312720298132849,0,26,6,True,1
-0.16734690946244188,0,27,6,True,1
-0.21882349065395645,0,28,6,True,1
-0.25496605355917223,0,29,6,True,1
-0.2740593542771258,0,30,6,True,1
-0.2753508575852795,0,31,6,True,1
-0.2590958299194947,0,32,6,True,1
-0.22653673935122853,0,33,6,True,1
-0.17982480842631116,0,34,6,True,1
-0.12189353627833231,0,35,6,True,1
-0.056293651996753596,0,36,6,True,1
0.013001242405273112,19,37,6,True,1
0.08180913391558524,20,38,6,True,2
0.14596486187170227,-1,39,6,False,0
0.4342130317942005,22,0,7,True,2
0.4381050714975544,26,1,7,True,2
0.4491498697374584,25,2,7,True,1
0.4667264813106216,27,3,7,True,1
0.49006396653016177,30,4,7,True,2
0.5182168999830099,1,5,7,True,1
0.5497810463815367,1,6,7,True,1
0.5829601903567566,1,7,7,True,1
0.6156974257198276,1,8,7,True,1
0.645814345914456,1,9,7,True,1
0.6711492597564678,1,10,7,True,1
0.6896868980421652,1,11,7,True,1
0.6996733877099401,1,12,7,True,1
0.6997115511827742,1,13,7,True,1
0.6888323608900184,1,14,7,True,1
0.6665194801715473,1,15,7,True,1
0.632689166838214,1,16,7,True,1
0.5877032593134058,1,17,7,True,1
0.5323681256442188,1,18,7,True,1
0.46790202094665023,28,19,7,True,2
0.395874050427835,25,20,7,True,1
0.3181193384291652,24,21,7,True,2
0.23663596391124667,8,22,7,True,2
0.15346954464886775,-1,23,7,False,0
0.0708914991670781,20,24,7,True,1
-0.008221109419294487,0,25,7,True,1
-0.08069551901146513,0,26,7,True,1
-0.14337142634540842,0,27,7,True,1
-0.19322371710552994,0,28,7,True,1
-0.22767261589937687,0,29,7,True,1
-0.24502763984483075,0,30,7,True,1
-0.24460440477806347,0,31,7,True,1
-0.22672349104482342,0,32,7,True,1
-0.19267751464282612,0,33,7,True,1
-0.14465560634382665,0,34,7,True,1
-0.0856198074045667,0,35,7,True,1
-0.01914249876013589,0,36,7,True,1
0.05078594695314407,5,37,7,True,2
0.11997017749281912,-1,38,7,False,0
0.184234349667657,22,39,7,True,3
0.4118457655849044,25,0,8,True,1
0.42072441270582844,27,1,8,True,1
0.4369990709486133,6,2,8,True,2
0.45980922709340194,30,3,8,True,2
0.48811104357433505,1,4,8,True,2
0.5208305318280293,1,5,8,True,1
0.5565195414222376,1,6,8,True,1
0.5933495577450016,1,7,8,True,1
0.6292421702531004,1,8,8,True,1
0.6620084778624485,1,9,8,True,1
0.6894879085443949,1,10,8,True,1
0.709678739170061,1,11,8,True,1
0.7208539211253763,1,12,8,True,1
0.7216548215704668,1,13,8,True,1
0.7111244693045912,1,14,8,True,1
0.6887177622441357,1,15,8,True,1
0.6543523860845015,1,16,8,True,1
0.6084362015413813,1,17,8,True,1
0.551860324001279,1,18,8,True,1
0.485959747962677,22,19,8,True,2
0.412444709997689,27,20,8,True,1
0.3333072595612084,30,21,8,True,1
0.25070399619211686,28,22,8,True,2
0.16680682489911255,25,23,8,True,1
0.08401773216958948,17,24,8,True,1
0.005304978255838468,20,25,8,True,1
-0.06616947963890062,0,26,8,True,1
-0.12738713093146994,0,27,8,True,1
-0.17559898095145612,0,28,8,True,1
-0.20836862458664188,0,29,8,True,1
-0.2239939338435753,0,30,8,True,1
-0.22178929918145365,0,31,8,True,1
-0.20210905004953794,0,32,8,True,1
-0.16629993188871744,0,33,8,True,1
-0.11659705020061928,0,34,8,True,1
-0.05599495902995302,0,35,8,True,1
0.011911108520352444,19,36,8,True,1
0.08311408680255591,14,37,8,True,2
0.15340514765248126,-1,38,8,False,0
0.21859590553457614,22,39,8,True,3
0.37961426005723137,27,0,9,True,1
0.39377253365943693,30,1,9,True,2
0.4155828355768262,1,2,9,True,2
0.44396229406438775,1,3,9,True,2
0.47760678057513145,1,4,9,True,2
0.5152785662323826,1,5,9,True,1
0.5554819650206683,1,6,9,True,1
0.5963560968584319,1,7,9,True,1
0.6358004912046303,1,8,9,True,1
0.6716141923009985,1,9,9,True,1
0.7016348736570053,1,10,9,True,1
0.7238700649290915,1,11,9,True,1
0.7366095927740127,1,12,9,True,1
0.738470655824646,1,13,9,True,1
0.7284363002612415,1,14,9,True,1
0.7059394072682662,1,15,9,True,1
0.6709213196541397,1,16,9,True,1
0.6238554815598348,1,17,9,True,1
0.5657363645991039,1,18,9,True,1
0.4980353669144253,8,19,9,True,2
0.42262672434336707,30,20,9,True,1
0.34168707767950096,1,21,9,True,2
0.2575458295116,8,22,9,True,1
0.17250681608295082,7,23,9,True,3
0.08910067581553198,2,24,9,True,2
0.010389415441635765,15,25,9,True,1
-0.06044774624868175,0,26,9,True,1
-0.12047952420248392,0,27,9,True,1
-0.1671787581776242,0,28,9,True,1
-0.1983845612433159,0,29,9,True,1
-0.2124377895973861,0,30,9,True,1
-0.20863177797586124,0,31,9,True,1
-0.18730521229496958,0,32,9,True,1
-0.1497991940038273,0,33,9,True,1
-0.09836307601558146,0,34,9,True,1
-0.03601803805528203,0,35,9,True,1
0.033615514621041176,5,36,9,True,2
0.10651283165802533,-1,37,9,False,0
0.17845162261606953,24,38,9,True,3
0.2452305225880467,22,39,9,True,2
0.33896767138368755,24,0,10,True,2
0.358642979416229,28,1,10,True,1
0.3862154825151881,29,2,10,True,2
0.4203922628615932,28,3,10,True,1
0.4596306185358862,29,4,10,True,2
0.5025100950515924,1,5,10,True,1
0.5474816344768308,1,6,10,True,1
0.5926534661208073,1,7,10,True,1
0.635904429251099,1,8,10,True,1
0.6750221811295773,1,9,10,True,1
0.7078422190362884,1,10,10,True,1
0.7323748180330065,1,11,10,True,1
0.7468648148524948,1,12,10,True,1
0.7498484383128231,1,13,10,True,1
0.7402651589538721,1,14,10,True,1
0.7175478532064977,1,15,10,True,1
0.681679347431277,1,16,10,True,1
0.6332139303296873,1,17,10,True,1
0.573263912434024,1,18,10,True,1
0.5034527411675781,1,19,10,True,1
0.42583753793166973,28,20,10,True,2
0.3427923345822647,23,21,10,True,2
0.25680353543316176,29,22,10,True,2
0.17030479102097837,-1,23,10,False,0
0.08593846404048079,3,24,10,True,2
0.006850282209842971,21,25,10,True,1
-0.06374832912099584,0,26,10,True,1
-0.12297276748081572,0,27,10,True,1
-0.16845122048264363,0,28,10,True,1
-0.1983034307398676,0,29,10,True,1
-0.21103836923932043,0,30,10,True,1
-0.205925123074468,0,31,10,True,1
-0.1832683322506211,0,32,10,True,1
-0.14437762731534526,0,33,10,True,1
-0.09147508622418916,0,34,10,True,1
-0.02756048760806011,0,35,10,True,1
0.043757061012992315,19,36,10,True,1
0.11845291391428607,-1,37,10,False,0
0.19229808202599513,26,38,10,True,3
0.2610798769463003,25,39,10,True,3
0.2915829614665928,30,0,11,True,2
0.31695431995108364,22,1,11,True,2
0.35043551260851236,24,2,11,True,2
0.39053110720884443,8,3,11,True,2
0.435482694938431,30,4,11,True,2
0.48368592795430865,1,5,11,True,2
0.5335327146383296,1,6,11,True,1
0.5831033495658678,1,7,11,True,1
0.6302593536823419,1,8,11,True,1
0.6727801046663298,1,9,11,True,1
0.7084978941859195,1,10,11,True,1
0.7353744253860491,1,11,11,True,1
0.7515634688538054,1,12,11,True,1
0.7555423463516973,1,13,11,True,1
0.7462311016731871,1,14,11,True,1
0.7230816005540799,1,15,11,True,1
0.6861333590692476,1,16,11,True,1
0.6360344709113716,1,17,11,True,1
0.5740275108079969,1,18,11,True,1
0.5019017378737266,1,19,11,True,1
0.4219104130094381,8,20,11,True,2
0.3365999761645086,7,21,11,True,2
0.24859129277338718,24,22,11,True,2
0.16044018825152032,-1,23,11,False,0
0.07487328496627987,20,24,11,True,1
-0.004901690200826532,0,25,11,True,1
-0.07563850484830022,0,26,11,True,1
-0.13447181764743396,0,27,11,True,1
-0.17913222404632054,0,28,11,True,1
-0.20795617730476523,0,29,11,True,1
-0.21971030107485384,0,30,11,True,1
-0.21368118265007854,0,31,11,True,1
-0.19012039048396984,0,32,11,True,1
-0.1502829962988759,0,33,11,True,1
-0.0963377291140805,0,34,11,True,1
-0.031234693084329326,0,35,11,True,1
0.04146070314893981,13,36,11,True,2
0.1177593879027348,27,37,11,True,2
0.19345782751477533,6,38,11,True,3
0.2643568013979059,7,39,11,True,2
0.2392737674794863,23,0,12,True,2
0.2704573289575761,25,1,12,True,1
0.30991213118310074,24,2,12,True,2
0.3559430107363052,1,3,12,True,2
0.40659643795019934,1,4,12,True,2
0.46009717531457195,1,5,12,True,2
0.514775614747282,1,6,12,True,1
0.5686884058980114,1,7,12,True,1
0.6196851185266546,1,8,12,True,1
0.6655411264389096,1,9,12,True,1
0.7040512407161288,1,10,12,True,1
0.7330881401575834,1,11,12,True,1
0.7507400811928248,1,12,12,True,1
0.7554534467263113,1,13,12,True,1
0.7461511615853857,1,14,12,True,1
0.7223218126109803,1,15,12,True,1
0.684076034946146,1,16,12,True,1
0.6321683100116261,1,17,12,True,1
0.567983844272626,1,18,12,True,1
0.49349075818725563,1,19,12,True,2
0.41111865466696496,28,20,12,True,2
0.3235388230682368,25,21,12,True,1
0.23349021306563056,26,22,12,True,2
0.14363762186591775,-1,23,12,False,0
0.05675864471999508,21,24,12,True,2
-0.023909658307188338,0,25,12,True,1
-0.09509534541584397,0,26,12,True,1
-0.15393725946195774,0,27,12,True,1
-0.19822858521788753,0,28,12,True,1
-0.22645727674416516,0,29,12,True,1
-0.2376413941655508,0,30,12,True,1
-0.23117104273485475,0,31,12,True,1
-0.2072306692494491,0,32,12,True,1
-0.16699709327657306,0,33,12,True,1
-0.1125586816833638,0,34,12,True,1
-0.04678655778844376,0,35,12,True,1
0.026828146114259526,13,36,12,True,1
0.10436274352651934,26,37,12,True,2
0.18166912807017638,29,38,12,True,2
0.25458960025744204,8,39,12,True,2
0.18388697644906524,6,0,13,True,2
0.2209293063365484,7,1,13,True,2
0.26633868483140793,24,2,13,True,2
0.31821820269977896,1,3,13,True,2
0.37443646369059347,28,4,13,True,1
0.43306928119779214,23,5,13,True,2
0.49238824194283426,29,6,13,True,2
0.5504317317046796,1,7,13,True,1
0.6050444139116641,1,8,13,True,1
0.6539826134286283,1,9,13,True,1
0.6949669361125166,1,10,13,True,1
0.7258070688400932,1,11,13,True,1
0.7445583408314447,1,12,13,True,1
0.749663123271056,1,13,13,True,1
0.7400692636457863,1,14,13,True,1
0.7153202069813874,1,15,13,True,1
0.6756131171677513,1,16,13,True,1
0.6218229122525207,1,17,13,True,1
0.5554914969931322,1,18,13,True,1
0.4787562190233484,1,19,13,True,2
0.39415799188236406,8,20,13,True,2
0.3044636337089781,7,21,13,True,2
0.2125112880734981,27,22,13,True,1
0.12105799604622647,-1,23,13,False,0
0.03289846942287824,20,24,13,True,1
-0.048743552215619705,0,25,13,True,1
-0.12059070285105311,0,26,13,True,1
-0.17978263071123285,0,27,13,True,1
-0.22414763586335948,0,28,13,True,1
-0.25227281516040684,0,29,13,True,1
-0.26336953729155854,0,30,13,True,1
-0.25699819953915065,0,31,13,True,1
-0.23328428608395008,0,32,13,True,1
-0.193302542309544,0,33,13,True,1
-0.13903351613189985,0,34,13,True,1
-0.07323930522955314,0,35,13,True,1
0.0006948316639749316,5,36,13,True,1
0.07894469832419775,4,37,13,True,1
0.15744915504603904,24,38,13,True,2
0.23212187440432494,1,39,13,True,2
0.12719355435252194,23,0,14,True,2
0.17006189136558317,25,1,14,True,1
0.2213191686934608,26,2,14,True,2
0.27885978981721676,23,3,14,True,2
0.34038831980488116,25,4,14,True,1
0.40385785164535565,27,5,14,True,2
0.4674892502762077,30,6,14,True,2
0.5293087785419996,1,7,14,True,1
0.5871560824716872,1,8,14,True,1
0.6387388749831531,1,9,14,True,1
0.6817249154145153,1,10,14,True,1
0.7138978670181604,1,11,14,True,1
0.7333120592150255,1,12,14,True,1
0.7384331064291024,1,13,14,True,1
0.7282570257784086,1,14,14,True,1
0.7024022339817068,1,15,14,True,1
0.6611704816041374,1,16,14,True,1
0.6055743645630496,1,17,14,True,1
0.5373120819343878,1,18,14,True,1
0.45861831696174166,1,19,14,True,2
0.3721015876077346,28,20,14,True,2
0.28060159803417484,25,21,14,True,1
0.18703316013771998,-1,22,14,False,0
0.09422636390310923,18,23,14,True,1
0.004964356542867591,21,24,14,True,1
-0.07759331384965232,0,25,14,True,1
-0.15019495987060366,0,26,14,True,1
-0.2099888438333394,0,27,14,True,1
-0.2548226052154378,0,28,14,True,1
-0.28334247013540975,0,29,14,True,1
-0.29488939367723815,0,30,14,True,1
-0.28920228009242416,0,31,14,True,1
-0.2663817851627577,0,32,14,True,1
-0.2273774250799477,0,33,14,True,1
-0.1740345441043303,0,34,14,True,1
-0.1089759678048496,0,35,14,True,1
-0.035449030893963354,0,36,14,True,1
0.042853354881415597,5,37,14,True,1
0.1219894716078654,-1,38,14,False,0
0.197975354440843,1,39,14,True,4
0.07078223611866649,4,0,15,True,2
0.11935077548348323,2,1,15,True,2
0.1762560274435785,27,2,15,True,1
0.23917163343414669,6,3,15,True,2
0.30564855748489406,6,4,15,True,2
0.3735445787471636,30,5,15,True,2
0.44104137602853083,1,6,15,True,2
0.5061579231619731,1,7,15,True,1
0.5667124719761041,1,8,15,True,1
0.6203750016151727,1,9,15,True,1
0.6647999762135577,1,10,15,True,1
0.6977813350193763,1,11,15,True,1
0.7174048145217753,1,12,15,True,1
0.7221881105221839,1,13,15,True,1
0.7112012271459813,1,14,15,True,1
0.6841611146293692,1,15,15,True,1
0.641496373790278,1,16,15,True,1
0.5843638279900395,1,17,15,True,1
0.514545226861934,1,18,15,True,1
0.43431702800171057,1,19,15,True,2
0.3463318222446219,8,20,15,True,2
0.2534776150846635,7,21,15,True,2
0.1587208186447662,-1,22,15,False,0
0.06494284443305497,21,23,15,True,1
-0.025103050703218163,0,24,15,True,1
-0.10837684228921711,0,25,15,True,1
-0.18169421791878582,0,26,15,True,1
-0.2422306803574668,0,27,15,True,1
-0.2878486201353418,0,28,15,True,1
-0.31722507725450283,0,29,15,True,1
-0.3297776829622822,0,30,15,True,1
-0.32538520635975626,0,31,15,True,1
-0.3041617733177576,0,32,15,True,1
-0.2669136255103959,0,33,15,True,1
-0.21532413525083038,0,34,15,True,1
-0.15184696681971396,0,35,15,True,1
-0.0795596094113802,0,36,15,True,1
-0.0019908210598648893,0,37,15,True,1
0.07706981838879853,19,38,15,True,2
0.15377213306496262,-1,39,15,False,0
0.01596684539317257,5,0,16,True,2
0.06999789112242313,4,1,16,True,2
0.13224964571609935,26,2,16,True,2
0.20015749878149808,29,3,16,True,2
0.2711258318373119,28,4,16,True,1
0.3429435916747073,29,5,16,True,2
0.41376493227211203,28,6,16,True,2
0.48159747320772855,29,7,16,True,2
0.5442377241572475,1,8,16,True,1
0.5993552542633285,1,9,16,True,1
0.6446301829918424,1,10,16,True,1
0.6779031737462345,1,11,16,True,1
0.6973252755153059,1,12,16,True,1
0.701497825656059,1,13,16,True,1
0.6895944588261195,1,14,16,True,1
0.6614589936723473,1,15,16,True,1
0.6176573906619094,1,16,16,True,1
0.559417242203185,1,17,16,True,1
0.48854315245081303,28,18,16,True,2
0.40733131542499584,23,19,16,True,2
0.3184548201282666,29,20,16,True,2
0.22482418868525422,8,21,16,True,2
0.12943080380926897,-1,22,16,False,0
0.03518269119391442,20,23,16,True,2
-0.05520282416050791,0,24,16,True,1
-0.1388572446172381,0,25,16,True,1
-0.21271584939714486,0,26,16,True,1
-0.27401060163513985,0,27,16,True,1
-0.3206248722088596,0,28,16,True,1
-0.35124938714861603,0,29,16,True,1
-0.365337241441453,0,30,16,True,1
-0.3628525526747174,0,31,16,True,1
-0.34393943246662395,0,32,16,True,1
-0.3092517916975504,0,33,16,True,1
-0.26028546043087786,0,34,16,True,1
-0.19929599952232077,0,35,16,True,1
-0.12915986665812385,0,36,16,True,1
-0.0532093538454344,0,37,16,True,1
0.024950408590943697,5,38,16,True,1
0.10163412469412372,-1,39,16,False,0
-0.03627971904119679,0,0,17,True,1
0.022838926077536417,5,1,17,True,1
0.0900222017875251,4,2,17,True,1
0.1624439861995938,24,3,17,True,2
0.23736558077149036,22,4,17,True,1
0.312530671929541,26,5,17,True,1
0.3860723093003855,25,6,17,True,2
0.45598163787177903,24,7,17,True,2
0.5200601943731553,1,8,17,True,1
0.5760158167151129,1,9,17,True,1
0.6215925250862224,1,10,17,True,1
0.6547150664950072,1,11,17,True,1
0.6736360989840194,1,12,17,True,1
0.6770759031782861,1,13,17,True,1
0.6643460832537917,1,14,17,True,1
0.6354261941796919,1,15,17,True,1
0.5909427880827632,1,16,17,True,1
0.5321375466497024,1,17,17,True,1
0.46081980689206026,8,18,17,True,2
0.3792851519435778,7,19,17,True,2
0.2902033748630416,26,20,17,True,2
0.1964813322441402,23,21,17,True,2
0.10110805226497323,-1,22,17,False,0
0.0069912794816903885,21,23,17,True,1
-0.08318703141299946,0,24,17,True,1
-0.16676412878834712,0,25,17,True,1
-0.2408574907331239,0,26,17,True,1
-0.30279528091480007,0,27,17,True,1
-0.3504986734041533,0,28,17,True,1
-0.38266577005727676,0,29,17,True,1
-0.3987551047038827,0,30,17,True,1
-0.3987635652983287,0,31,17,True,1
-0.3828544792771838,0,32,17,True,1
-0.35152657291868394,0,33,17,True,1
-0.3060643891735828,0,34,17,True,1
-0.24849801954124198,0,35,17,True,1
-0.1814730792096034,0,36,17,True,1
-0.10809429720537199,0,37,17,True,1
-0.03175126433733613,0,38,17,True,1
0.044028755830933804,5,39,17,True,1
-0.0853494197095161,0,0,18,True,1
-0.021688608480678228,0,1,18,True,1
0.049880941974692505,13,2,18,True,2
0.12624214287087587,26,3,18,True,2
0.20451303906247426,25,4,18,True,1
0.28240993533582465,27,5,18,True,2
0.3580421415020413,7,6,18,True,1
0.42939445218387207,26,7,18,True,1
0.4943067547422801,29,8,18,True,2
0.5505617367176859,1,9,18,True,1
0.596005345556445,1,10,18,True,1
0.628685308761046,1,11,18,True,1
0.646995344242271,1,12,18,True,1
0.6498127494713604,1,13,18,True,1
0.6365835727580942,1,14,18,True,1
0.6073435232072673,1,15,18,True,1
0.5627367232317754,1,16,18,True,1
0.5040065522781022,1,17,18,True,1
0.43295128388159737,28,18,18,True,2
0.3518459221567243,25,19,18,True,1
0.2633335647551885,27,20,18,True,1
0.1702915056935222,7,21,18,True,2
0.07567914766053174,15,22,18,True,1
-0.017623380535489883,0,23,18,True,1
-0.10697294181148835,0,24,18,True,1
-0.18991370759506088,0,25,18,True,1
-0.2638145972247629,0,26,18,True,1
-0.3261503178297728,0,27,18,True,1
-0.3749071897655993,0,28,18,True,1
-0.4087949740622176,0,29,18,True,1
-0.42725843614788883,0,30,18,True,1
-0.4302838405955114,0,31,18,True,1
-0.41802274624856084,0,32,18,True,1
-0.3908164129337496,0,33,18,True,1
-0.34971691457828796,0,34,18,True,1
-0.29650376079112994,0,35,18,True,1
-0.23356396933029383,0,36,18,True,1
-0.16374558367000533,0,37,18,True,1
-0.09023114636429413,0,38,18,True,1
-0.016526482877091544,0,39,18,True,1
-0.1309641578724541,0,0,19,True,1
-0.06351904407165442,0,1,19,True,1
0.011738422409282181,5,2,19,True,1
0.0913651478312318,4,3,19,True,1
0.17233181951348525,-1,4,19,False,0
0.2523348380949532,24,5,19,True,2
0.32945344004682553,8,6,19,True,1
0.4016857935251006,7,7,19,True,1
0.4669402866901228,24,8,19,True,2
0.5231091054865096,1,9,19,True,1
0.5681782719303896,1,10,19,True,1
0.6003593770248215,1,11,19,True,1
0.6182199077034805,1,12,19,True,1
0.6207645858807267,1,13,19,True,1
0.6075020732920009,1,14,19,True,1
0.5785011408866715,1,15,19,True,1
0.5344168624246142,1,16,19,True,1
0.47648345738689735,1,17,19,True,2
0.4064729151337697,22,18,19,True,2
0.32662048730854015,27,19,19,True,1
0.23952006039163198,30,20,19,True,1
0.14799431505542446,22,21,19,True,2
0.054946443556982756,15,22,19,True,1
-0.036797969167069025,0,23,19,True,1
-0.12464847861076236,0,24,19,True,1
-0.20632240980882374,0,25,19,True,1
-0.2795016193292801,0,26,19,True,1
-0.3418685468291332,0,27,19,True,1
-0.3915126048061736,0,28,19,True,1
-0.4271700170583663,0,29,19,True,1
-0.4482631669189352,0,30,19,True,1
-0.4547350253331405,0,31,19,True,1
-0.4466860260300374,0,32,19,True,1
-0.42429266855123876,0,33,19,True,1
-0.38835698669126895,0,34,19,True,1
-0.3403857828700736,0,35,19,True,1
-0.2824825117772416,0,36,19,True,1
-0.2172401224114756,0,37,19,True,1
-0.1477771530577692,0,38,19,True,1
-0.0775784929917987,0,39,19,True,1
-0.1731107546474973,0,0,20,True,1
-0.10285370752693905,0,1,20,True,1
-0.024790140391771427,0,2,20,True,1
0.05732206281562852,13,3,20,True,2
0.140297566622004,2,4,20,True,1
0.22180487429109505,24,5,20,True,2
0.29988671839645614,28,6,20,True,2
0.37257187798170666,25,7,20,True,2
0.43786312600580085,26,8,20,True,1
0.49379489626167145,29,9,20,True,2
0.538528454474355,1,10,20,True,1
0.5704436232571757,1,11,20,True,1
0.5882268435234048,1,12,20,True,1
0.5909647471954135,1,13,20,True,1
0.5782226757807789,1,14,20,True,1
0.5500998038981437,1,15,20,True,1
0.5072556470862676,1,16,20,True,1
0.450904756991891,1,17,20,True,2
0.382778400634595,22,18,20,True,2
0.30505398388990573,26,19,20,True,2
0.22025491261522928,23,20,20,True,2
0.13112548796720674,25,21,20,True,1
0.040487305423219655,15,22,20,True,1
-0.0489145301754102,0,23,20,True,1
-0.13456524859584068,0,24,20,True,1
-0.2143085160168602,0,25,20,True,1
-0.2861616932356285,0,26,20,True,1
-0.34808719598201066,0,27,20,True,1
-0.3983263208905981,0,28,20,True,1
-0.4356671608874111,0,29,20,True,1
-0.45951162376305993,0,30,20,True,1
-0.4697373101395198,0,31,20,True,1
-0.4663551527197849,0,32,20,True,1
-0.4493631744536916,0,33,20,True,1
-0.4193000075283217,0,34,20,True,1
-0.37738140821255134,0,35,20,True,1
-0.3254195536126153,0,36,20,True,1
-0.2658864186453419,0,37,20,True,1
-0.2018732890021517,0,38,20,True,1
-0.13673827342959255,0,39,20,True,1
-0.21193345548082201,0,0,21,True,1
-0.13997882901261743,0,1,21,True,1
-0.06018956884741055,0,2,21,True,1
0.023510346838064293,5,3,21,True,1
0.10778852437199399,-1,4,21,False,0
0.19025786801531824,24,5,21,True,2
0.2689134257279199,8,6,21,True,1
0.3418248896537449,6,7,21,True,2
0.40710771221419073,7,8,21,True,1
0.4629414536984654,24,9,21,True,2
0.507624300393165,1,10,21,True,1
0.5396551393115491,1,11,21,True,1
0.5578241941133729,1,12,21,True,1
0.5613000928719049,1,13,21,True,1
0.549703636921824,1,14,21,True,1
0.5231606324806795,1,15,21,True,1
0.48232820903595863,28,16,21,True,2
0.4283910806296524,23,17,21,True,2
0.3630262081524325,25,18,21,True,1
0.2883362925802728,27,19,21,True,1
0.2067544707473548,7,20,21,True,2
0.12092449675074662,27,21,21,True,2
0.033562573424158824,-1,22,21,False,0
-0.052691150499456434,0,23,21,True,1
-0.13542158089388964,0,24,21,True,1
-0.21257605256082482,0,25,21,True,1
-0.28245946617488976,0,26,21,True,1
-0.3433888919283279,0,27,21,True,1
-0.393817557972688,0,28,21,True,1
-0.43262167885908265,0,29,21,True,1
-0.45919519615388626,0,30,21,True,1
-0.4733387837061538,0,31,21,True,1
-0.47494149008879644,0,32,21,True,1
-0.4638055915882919,0,33,21,True,1
-0.44019747732898373,0,34,21,True,1
-0.4050313799635446,0,35,21,True,1
-0.359928612884458,0,36,21,True,1
-0.307334320042545,0,37,21,True,1
-0.25021718074969895,0,38,21,True,1
-0.19171524845452212,0,39,21,True,1
-0.2474701072738034,0,0,22,True,1
-0.17504779506054163,0,1,22,True,1
-0.09473396650664037,0,2,22,True,1
-0.01046735669129266,0,3,22,True,1
0.07439807213455442,13,4,22,True,1
0.15737760330839157,24,5,22,True,2
0.23639206926337053,1,6,22,True,2
0.3095261589862815,28,7,22,True,2
0.37496140253467325,25,8,22,True,2
0.43097280029599566,26,9,22,True,1
0.47596933407517406,29,10,22,True,2
0.508561148522772,1,11,22,True,1
0.5276385371606841,1,12,22,True,1
0.5324502130069003,1,13,22,True,1
0.5226706895455908,1,14,22,True,1
0.49844894353345837,1,15,22,True,2
0.460432876877955,22,16,22,True,2
0.4097664405676622,27,17,22,True,1
0.34805841722538305,7,18,22,True,2
0.27732105437532106,24,19,22,True,2
0.19987901790816734,22,20,22,True,2
0.11825513425765423,26,21,22,True,2
0.03503827799364525,-1,22,22,False,0
-0.047259024290556166,0,23,22,True,1
-0.1263437288254859,0,24,22,True,1
-0.20027480403521586,0,25,22,True,1
-0.26755129897761076,0,26,22,True,1
-0.3268811405329581,0,27,22,True,1
-0.3770013545630324,0,28,22,True,1
-0.4169237851267056,0,29,22,True,1
-0.4460577630214709,0,30,22,True,1
-0.4641260816397819,0,31,22,True,1
-0.4708720571603982,0,32,22,True,1
-0.46588595701940744,0,33,22,True,1
-0.4491584715271246,0,34,22,True,1
-0.4213536325855693,0,35,22,True,1
-0.3840499204872948,0,36,22,True,1
-0.3396021663768072,0,37,22,True,1
-0.29076487350291097,0,38,22,True,1
-0.24038154633501665,0,39,22,True,1
-0.2794536316392923,0,0,23,True,1
-0.20778494746051357,0,1,23,True,1
-0.12813963702433187,0,2,23,True,1
-0.044347128562418237,0,3,23,True,1
0.04038450705852499,13,4,23,True,1
0.12349409456552295,24,5,23,True,2
0.20275754655032835,28,6,23,True,2
0.27620254222490875,25,7,23,True,1
0.3420232958454921,27,8,23,True,1
0.3985529075246865,7,9,23,True,2
0.4442838811616329,26,10,23,True,2
0.47791912886795246,23,11,23,True,2
0.4984381269975023,29,12,23,True,1
0.5051652346325479,1,13,23,True,1
0.49782953112366196,1,14,23,True,2
0.4766078750253598,28,15,23,True,2
0.4421452325141345,25,16,23,True,1
0.3955486691202549,24,17,23,True,2
0.33835374434934845,22,18,23,True,2
0.27246439451452004,26,19,23,True,2
0.2000697348443552,25,20,23,True,1
0.12354335677023119,27,21,23,True,2
0.045324645880414814,-1,22,23,False,0
-0.03222213178607961,0,23,23,True,1
-0.10694640536071798,0,24,23,True,1
-0.1770374007699051,0,25,23,True,1
-0.24112660488393553,0,26,23,True,1
-0.298248441025746,0,27,23,True,1
-0.3475005157573075,0,28,23,True,1
-0.3880896460664869,0,29,23,True,1
-0.41947516282288344,0,30,23,True,1
-0.44131187141563916,0,31,23,True,1
-0.45318344634271795,0,32,23,True,1
-0.4544577980133155,0,33,23,True,1
-0.44486796832843445,0,34,23,True,1
-0.424980500064631,0,35,23,True,1
-0.3963391664015685,0,36,23,True,1
-0.3611214881022603,0,37,23,True,1
-0.3217961406567056,0,38,23,True,1
-0.28085598069532697,0,39,23,True,1
-0.3070799660741156,0,0,24,True,1
-0.2372602474813477,0,1,24,True,1
-0.15931897080391055,0,2,24,True,1
-0.07687664723415837,0,3,24,True,1
0.0070451341543215475,5,4,24,True,1
0.08986263100394003,-1,5,24,False,0
0.16924394402083207,22,6,24,True,3
0.2430955878974608,27,7,24,True,1
0.30955967082011765,30,8,24,True,1
0.3669771824323249,8,9,24,True,2
0.41388617625203855,6,10,24,True,2
0.4490545802034016,7,11,24,True,2
0.4715318408649545,24,12,24,True,2
0.4807059431380014,1,13,24,True,2
0.4763546927834847,1,14,24,True,2
0.4586824950204513,22,15,24,True,2
0.4283362081238363,27,16,24,True,1
0.38639599670398866,30,17,24,True,1
0.3343394550950294,22,18,24,True,2
0.2739796170238529,27,19,24,True,1
0.20737981347618453,7,20,24,True,2
0.13675068642089885,24,21,24,True,2
0.06433701179836669,-1,22,24,False,0
-0.007695685802092569,0,23,24,True,1
-0.07736998980426729,0,24,24,True,1
-0.14302297593889945,0,25,24,True,1
-0.20341358721245123,0,26,24,True,1
-0.2577706140767815,0,27,24,True,1
-0.3055754875512348,0,28,24,True,1
-0.34630183993439506,0,29,24,True,1
-0.37950544854752405,0,30,24,True,1
-0.404794278615375,0,31,24,True,1
-0.4215894783603673,0,32,24,True,1
-0.42903758679381243,0,33,24,True,1
-0.4267103177883164,0,34,24,True,1
-0.4151849575298458,0,35,24,True,1
-0.39590129369504823,0,36,24,True,1
-0.37079281102239064,0,37,24,True,1
-0.34199031500975713,0,38,24,True,1
-0.31159808234360425,0,39,24,True,1
-0.3291642774250537,0,0,25,True,1
-0.2620297328947708,0,1,25,True,1
-0.1865678863385599,0,2,25,True,1
-0.10612691115062348,0,3,25,True,1
-0.023569898667962833,0,4,25,True,1
0.05850800455775576,5,5,25,True,1
0.13773528530247373,-1,6,25,False,0
0.21196465911188206,30,7,25,True,3
0.27924374076796515,1,8,25,True,2
0.3378591764267477,1,9,25,True,2
0.38634555499428347,28,10,25,True,2
0.4234981326544377,25,11,25,True,1
0.44840808248613884,26,12,25,True,2
0.46050666757087555,29,13,25,True,2
0.4596067558898856,1,14,25,True,2
0.44593244105516844,8,15,25,True,2
0.4201298786631174,30,16,25,True,1
0.3832547938042573,1,17,25,True,2
0.33673446100724447,8,18,25,True,2
0.28230430363999526,30,19,25,True,1
0.22192160553543505,8,20,25,True,2
0.15766117335411967,30,21,25,True,1
0.09160013394057362,-1,22,25,False,0
0.0257013966749326,20,23,25,True,1
-0.0382923434338368,0,24,25,True,1
-0.09893993308411883,0,25,25,True,1
-0.15515916969723179,0,26,25,True,1
-0.2063002413647701,0,27,25,True,1
-0.2521154655053261,0,28,25,True,1
-0.2924129716404009,0,29,25,True,1
-0.32690402154480747,0,30,25,True,1
-0.3551827236564045,0,31,25,True,1
-0.3765171915624227,0,32,25,True,1
-0.38986690715375133,0,33,25,True,1
-0.3947979716329559,0,34,25,True,1
-0.3918921197969988,0,35,25,True,1
-0.382425761499457,0,36,25,True,1
-0.36804262487200656,0,37,25,True,1
-0.3505030685988412,0,38,25,True,1
-0.33150295923174444,0,39,25,True,1
-0.3443970678623864,0,0,26,True,1
-0.28049727711331374,0,1,26,True,1
-0.20802295374800317,0,2,26,True,1
-0.13001660949663985,0,3,26,True,1
-0.04924623086569203,0,4,26,True,1
0.03170328400599632,19,5,26,True,2
0.11044971014632712,-1,6,26,False,0
0.18482488904940367,28,7,26,True,2
0.25287672662577176,29,8,26,True,2
0.3128324543360998,1,9,26,True,2
0.36316551202406366,22,10,26,True,3
0.40264975482514237,27,11,26,True,1
0.4303799026900954,6,12,26,True,2
0.4458011181247214,30,13,26,True,1
0.4487393397468598,28,14,26,True,2
0.4394226665558425,23,15,26,True,2
0.41848643355423976,23,16,26,True,2
0.38695696510646604,23,17,26,True,2
0.3462113381634558,23,18,26,True,2
0.29791283322733686,23,19,26,True,2
0.2439240966746778,29,20,26,True,2
0.18620238380159373,28,21,26,True,2
0.12668359769864468,25,22,26,True,1
0.06716418480816538,17,23,26,True,1
0.009192293761365562,20,24,26,True,1
-0.046018050162859515,0,25,26,True,1
-0.09763365687066898,0,26,26,True,1
-0.1451937155565465,0,27,26,True,1
-0.1885832691012302,0,28,26,True,1
-0.22790538448718123,0,29,26,True,1
-0.2630969847979371,0,30,26,True,1
-0.29378389668429405,0,31,26,True,1
-0.31910554611023795,0,32,26,True,1
-0.3379385783438712,0,33,26,True,1
-0.34994928443214796,0,34,26,True,1
-0.3556820733903951,0,35,26,True,1
-0.3562131760304326,0,36,26,True,1
-0.3528718141720629,0,37,26,True,1
-0.347034820376888,0,38,26,True,1
-0.3399879474069263,0,39,26,True,1
-0.3516499103368352,0,0,27,True,1
-0.29127193344226854,0,1,27,True,1
-0.22202813994335852,0,2,27,True,1
-0.14669910151347818,0,3,27,True,1
-0.06800643518244605,0,4,27,True,1
0.011498845300044948,5,5,27,True,1
0.08945604241621687,-1,6,27,False,0
0.1636954926753454,22,7,27,True,2
0.23226783063801026,26,8,27,True,1
0.29343273194877845,29,9,27,True,2
0.34564576067167646,8,10,27,True,1
0.3876204957043136,30,11,27,True,2
0.41840636055319036,1,12,27,True,2
0.4374231024882835,1,13,27,True,2
0.44447870806332246,22,14,27,True,2
0.4397812712657317,27,15,27,True,2
0.423937363854936,6,16,27,True,2
0.3979314251246538,7,17,27,True,1
0.36308303406945436,27,18,27,True,2
0.32098127268057586,7,19,27,True,1
0.27339773484062735,24,20,27,True,2
0.22218208103154444,8,21,27,True,1
0.1691463848147845,6,22,27,True,2
0.11594686278745961,7,23,27,True,2
0.06397392546283026,17,24,27,True,1
0.014263832268137322,20,25,27,True,1
-0.0325524204024074,0,26,27,True,1
-0.07624500339710902,0,27,27,True,1
-0.11690579328353955,0,28,27,True,1
-0.15479904016930965,0,29,27,True,1
-0.1901051974450843,0,30,27,True,1
-0.22254075120608577,0,31,27,True,1
-0.25116780548042955,0,32,27,True,1
-0.2749379872532551,0,33,27,True,1
-0.2936458215775303,0,34,27,True,1
-0.30777358124179865,0,35,27,True,1
-0.3181832516506606,0,36,27,True,1
-0.3258859238378317,0,37,27,True,1
-0.33188023382358656,0,38,27,True,1
-0.3370419127963801,0,39,27,True,1
-0.3502179712905348,0,0,28,True,1
-0.29339781256772335,0,1,28,True,1
-0.22738636510257515,0,2,28,True,1
-0.1548150080352582,0,3,28,True,1
-0.07836831890637558,0,4,28,True,1
-0.000544884922874855,0,5,28,True,1
0.07634341953029014,-1,6,28,False,0
0.1501598428403941,8,7,28,True,1
0.2189661107427025,7,8,28,True,1
0.28104913767778267,24,9,28,True,2
0.3349003464690251,28,10,28,True,2
0.3792403498649397,29,11,28,True,2
0.41307860357045295,28,12,28,True,2
0.435770694074151,29,13,28,True,2
0.4470658952540642,22,14,28,True,2
0.4471192545694507,24,15,28,True,2
0.43648231049364894,1,16,28,True,2
0.4160773081710534,8,17,28,True,1
0.3871515051229316,30,18,28,True,2
0.3512103065781402,22,19,28,True,2
0.30993031574943114,26,20,28,True,1
0.2650557301207792,23,21,28,True,2
0.21828386055577922,29,22,28,True,2
0.1711478957818877,22,23,28,True,2
0.12490738054996335,2,24,28,True,2
0.08045922151319346,17,25,28,True,1
0.03828438061424491,20,26,28,True,1
-0.0015522384858902706,0,27,28,True,1
-0.039328859659207696,0,28,28,True,1
-0.07549866503993706,0,29,28,True,1
-0.1104105479683738,0,30,28,True,1
-0.14391645191431074,0,31,28,True,1
-0.17510152139801874,0,32,28,True,1
-0.20314026626319362,0,33,28,True,1
-0.22795908369215181,0,34,28,True,1
-0.2499780778147494,0,35,28,True,1
-0.26985359259224323,0,36,28,True,1
-0.28829060248289695,0,37,28,True,1
-0.3059117096351395,0,38,28,True,1
-0.3231743909444229,0,39,28,True,1
-0.33994298686580926,0,0,29,True,1
-0.28646701623996507,0,1,29,True,1
-0.2235069532429293,0,2,29,True,1
-0.15363516255126092,0,3,29,True,1
-0.07949196330255152,0,4,29,True,1
-0.003510141207537446,0,5,29,True,1
0.0720696872188918,13,6,29,True,3
0.14517417796743173,-1,7,29,False,0
0.21390893707879247,8,8,29,True,3
0.27658927002538813,30,9,29,True,1
0.3317472052060336,22,10,29,True,2
0.37812895265609253,26,11,29,True,2
0.4147447635591891,25,12,29,True,1
0.44092278305274224,26,13,29,True,2
0.45635085331017483,25,14,29,True,1
0.4611012235205209,24,15,29,True,2
0.4556361362275421,28,16,29,True,2
0.44078700617445365,23,17,29,True,2
0.41770612115824085,29,18,29,True,2
0.3877982082555906,8,19,29,True,2
0.35263351922711733,7,20,29,True,2
0.31384539723675514,27,21,29,True,1
0.2730176325474393,30,22,29,True,1
0.23156926059891014,8,23,29,True,2
0.19064680161815592,6,24,29,True,2
0.1510362866576508,6,25,29,True,2
0.11310976070129214,-1,26,29,False,0
0.07682329922255242,14,27,29,True,2
0.041785920324087,14,28,29,True,2
0.007421120332721932,20,29,29,True,1
-0.02675489353217754,0,30,29,True,1
-0.060715349862833994,0,31,29,True,1
-0.09371646242516701,0,32,29,True,1
-0.12526417397484707,0,33,29,True,1
-0.1554352403389272,0,34,29,True,1
-0.18461030538951081,0,35,29,True,1
-0.21326112352867604,0,36,29,True,1
-0.24180113232062597,0,37,29,True,1
-0.27048899255977904,0,38,29,True,1
-0.2993760218671071,0,39,29,True,1
-0.3212341894211989,0,0,30,True,1
-0.27067659607950445,0,1,30,True,1
-0.21045951859295028,0,2,30,True,1
-0.14311584907772515,0,3,30,True,1
-0.07123774547374441,0,4,30,True,1
0.0028160679867319676,19,5,30,True,1
0.07689385042619339,16,6,30,True,1
0.14901144608183098,26,7,30,True,1
0.21735108531481206,23,8,30,True,2
0.2802820450702151,29,9,30,True,2
0.3363810375616137,8,10,30,True,1
0.3844304966763736,6,11,30,True,2
0.42345108415152793,7,12,30,True,1
0.4527542585680357,27,13,30,True,2
0.47198497516063315,6,14,30,True,2
0.4811482767873925,30,15,30,True,1
0.4806157645531972,8,16,30,True,1
0.47110941973129716,6,17,30,True,1
0.4536618071759536,30,18,30,True,1
0.4295533532536789,1,19,30,True,2
0.40022912822093776,8,20,30,True,2
0.36719880699316193,30,21,30,True,1
0.33192637819153,28,22,30,True,2
0.2957177738159663,29,23,30,True,2
0.25961600341450175,1,24,30,True,2
0.22431566849522122,28,25,30,True,2
0.19011107867176266,-1,26,30,False,0
0.15689453677794793,6,27,30,True,2
0.12422370593185232,7,28,30,True,2
0.0914793157092902,17,29,30,True,1
0.058137198657539496,14,30,30,True,2
0.02416951746322465,20,31,30,True,1
-0.009979537200400223,0,32,30,True,1
-0.04422624710309323,0,33,30,True,1
-0.07883984028155878,0,34,30,True,1
-0.11420474195961074,0,35,30,True,1
-0.1506500061880006,0,36,30,True,1
-0.18833661852293287,0,37,30,True,1
-0.22719352647125035,0,38,30,True,1
-0.2668937526211736,0,39,30,True,1
-0.2950196283525003,0,0,31,True,1
-0.24683377449501295,0,1,31,True,1
-0.18895997362135097,0,2,31,True,1
-0.1238857453406625,0,3,31,True,1
-0.05415507310114262,0,4,31,True,1
0.017950395956451926,13,5,31,True,2
0.09038050479556747,18,6,31,True,2
0.1612613721951858,-1,7,31,False,0
0.22888004547227062,7,8,31,True,1
0.29169245396206345,26,9,31,True,1
0.34833792189880175,29,10,31,True,2
0.3976451308071441,1,11,31,True,2
0.4386553561044884,8,12,31,True,1
0.47067134166877955,30,13,31,True,2
0.4933004274893624,1,14,31,True,2
0.5064829393455399,1,15,31,True,1
0.5105016315302287,1,16,31,True,1
0.5059694546814945,1,17,31,True,1
0.4937944759824663,1,18,31,True,2
0.475122409586874,1,19,31,True,2
0.4512589211230742,28,20,31,True,2
0.42357565152402754,29,21,31,True,2
0.3934057622241911,22,22,31,True,2
0.3619367359567546,24,23,31,True,2
0.3301101749760405,28,24,31,True,2
0.29854042152018917,25,25,31,True,1
0.2674659837185532,27,26,31,True,3
0.23675017298275003,-1,27,31,False,0
0.20595501282418507,22,28,31,True,3
0.1745039181686115,27,29,31,True,1
0.14193958647373342,7,30,31,True,2
0.10826403162732755,-1,31,31,False,0
0.07357676337153764,19,32,31,True,2
0.03750928418717743,20,33,31,True,1
-0.00047098505070336055,0,34,31,True,1
-0.04082558953634751,0,35,31,True,1
-0.08380751217508012,0,36,31,True,1
-0.12938466869535473,0,37,31,True,1
-0.17720790555249433,0,38,31,True,1
-0.2266152378706925,0,39,31,True,1
